Number,Country
1,Afghanistan
2,Albania
3,Algeria
4,American Samoa
5,Andorra
6,Angola
7,Anguilla
8,Antigua and Barbuda
9,Argentina
10,Armenia
11,Aruba
12,Australia
13,Austria
14,Azerbaijan
15,Bahrain
16,Bangladesh
17,Barbados
18,Belarus
19,Belgium
20,Belize
21,Benin
22,Bermuda
23,Bhutan
24,Bolivia
25,Bosnia
26,Botswana
27,Brazil
28,Brunei
29,Bulgaria
30,Burkina_Faso
31,Burma
32,Burundi
33,Cabo_Verde
34,Cambodia
35,Cameroon
36,Canada
37,Cayman Islands
38,Central African Republic
39,Chad
40,Chile
41,China
42,Colombia
43,Comoros
44,Congo
45,Cook_Islands
46,Costa_Rica
47,Cote_D_Ivoire
48,Croatia
49,Cuba
50,Curaco
51,Cyprus
52,Czechia
53,Denmark
54,Djibouti
55,Dominica
56,Dominica_Republic
57,Ecuador
58,Egypt
59,El
60,El_Salvador
61,Equatorial_Guinea
62,Eritra
63,Estonia
64,Ethiopia
65,Faroe_Islands
66,Fiji
67,Finland
68,France
69,French_Polynesia
70,Gabon
71,Gambia
72,Gaza_Strip
73,Georgia
74,Germany
75,Ghana
76,Gibraltar
77,Greece
78,Greenland
79,Grenada
80,Guam
81,Guatemala
82,Guernsey
83,Guinea
84,Guinea-Bissau
85,Guyana
86,Haiti
87,Honduras
88,Hong Kong
89,Hungary
90,Iceland
91,India
92,Indonesia
93,Iran
94,Iraq
95,Ireland
96,Isle of Man
97,Israel
98,Italy
99,Jamaica
100,Japan
101,Jersey
102,Jordan
103,Kazahstan
104,Kenya
105,Kiribati
106,Korea
107,Korea
108,Kosovo
109,Kuwait
110,Kyrgyzstan
111,Laos
112,Latvia
113,Lebanon
114,Lesotho
115,Liberia
116,Libya
117,Lichtenstein
118,Lithuania
119,Luxembourg
120,Macau
121,Macedonia
122,Madagascar
123,Malawi
124,Malayasia
125,Maldives
126,Mali
127,Malta
128,MArshall Islands
129,Mauritania
130,Mauritius
131,Mexico
132,Micronesia
133,Moldova
134,Monaco
135,Mongolia
136,Montenegro
137,Montserrat
138,Morocco
139,Mozambique
140,Mozanbique
141,Nambia
142,Nauru
143,Nepal
144,Netherlands
145,New Caledonia
146,New Zealand
147,Nicaragua
148,Niger
149,Nigeria
150,Northern Mariana Islands
151,Norway
152,Oman
153,Pakistan
154,Palau
155,Panama
156,Philippines
157,Poland
158,Portugal
159,Puerto Rico
160,Qatar
161,Romania
162,Russia
163,Rwanda
164,Saint Barthelemy
165,Saint Helena
166,Saint Kitts and Nevis
167,Saint Lucia
168,Saint Maarten
169,Saint Martin
170,Saint Pierre and Miquelon
171,Saint Vincient and the Grenadines
172,Samoa
173,San MAriano
174,Sao Tome and Principe
175,Saudi Arabia
176,Senegal
177,Serbia
178,Seychelles
179,Sierra Leone
180,Singapoore
181,Slovakia
182,Slovenia
183,Solomon Islands
184,Somalia
185,South Africa
186,South Sudan
187,Spain
188,Sri Lanka
189,Sudan
190,Suriname
191,Swaziland
192,Sweden
193,Switzerland
194,Syria
195,Taiwan
196,Tajikistan
197,Tanzania
198,Thailand
199,The Bahamas
200,Timor-Leste
201,Togo
202,Tonga
203,Trinidad and Tobago
204,Tunisia
205,Turkey
206,Turkmenistan
207,Turks and Ciacos Islands
208,Tuvalu
209,UAE
210,Uganda
211,UK
212,Ukraine
213,Uruguay
214,US
215,USA
216,Uzbekistan
217,Vanuatu
218,Venezuela
219,Vietnam
220,"Virgin Islands, British"
221,"Virgin Islands, USA"
222,Wallis and Futuna
223,West Bamn
224,West Bank
225,Western Sahara
226,Yemen
227,Zambia
228,Zimbabwe
