" Five Year Age Groups and Sex for Custom Region - American Samoa"
Country,Year,Age,"Both Sexes Population","Male Population","Female Population","Percent Both Sexes","Percent Male","Percent Female","Sex Ratio"
"American Samoa",2016,Total,54194,27051,27143,100.0,100.0,100.0,99.7
"American Samoa",2016,0-4,5203,2566,2637,9.6,9.5,9.7,97.3
"American Samoa",2016,5-9,3560,1714,1846,6.6,6.3,6.8,92.8
"American Samoa",2016,10-14,4264,2101,2163,7.9,7.8,8.0,97.1
"American Samoa",2016,15-19,4018,1969,2049,7.4,7.3,7.5,96.1
"American Samoa",2016,20-24,6150,3014,3136,11.3,11.1,11.6,96.1
"American Samoa",2016,25-29,4357,2191,2166,8.0,8.1,8.0,101.2
"American Samoa",2016,30-34,3544,1876,1668,6.5,6.9,6.1,112.5
"American Samoa",2016,35-39,3758,2147,1611,6.9,7.9,5.9,133.3
"American Samoa",2016,40-44,3683,1965,1718,6.8,7.3,6.3,114.4
"American Samoa",2016,45-49,4049,2018,2031,7.5,7.5,7.5,99.4
"American Samoa",2016,50-54,3704,1710,1994,6.8,6.3,7.3,85.8
"American Samoa",2016,55-59,2970,1479,1491,5.5,5.5,5.5,99.2
"American Samoa",2016,60-64,2003,959,1044,3.7,3.5,3.8,91.9
"American Samoa",2016,65-69,1306,632,674,2.4,2.3,2.5,93.8
"American Samoa",2016,70-74,790,374,416,1.5,1.4,1.5,89.9
"American Samoa",2016,75-79,460,202,258,0.8,0.7,1.0,78.3
"American Samoa",2016,80-84,217,87,130,0.4,0.3,0.5,66.9
"American Samoa",2016,85-89,112,37,75,0.2,0.1,0.3,49.3
"American Samoa",2016,90-94,38,8,30,0.1,0.0,0.1,26.7
"American Samoa",2016,95-99,7,2,5,0.0,0.0,0.0,40.0
"American Samoa",2016,100+,1,0,1,0.0,0.0,0.0,0.0
