" Five Year Age Groups and Sex for Custom Region - Antigua and Barbuda"
Country,Year,Age,"Both Sexes Population","Male Population","Female Population","Percent Both Sexes","Percent Male","Percent Female","Sex Ratio"
"Antigua and Barbuda",2016,Total,93581,44267,49314,100.0,100.0,100.0,89.8
"Antigua and Barbuda",2016,0-4,7281,3720,3561,7.8,8.4,7.2,104.5
"Antigua and Barbuda",2016,5-9,7218,3673,3545,7.7,8.3,7.2,103.6
"Antigua and Barbuda",2016,10-14,7362,3714,3648,7.9,8.4,7.4,101.8
"Antigua and Barbuda",2016,15-19,8342,4180,4162,8.9,9.4,8.4,100.4
"Antigua and Barbuda",2016,20-24,7568,3738,3830,8.1,8.4,7.8,97.6
"Antigua and Barbuda",2016,25-29,6816,3236,3580,7.3,7.3,7.3,90.4
"Antigua and Barbuda",2016,30-34,6653,3058,3595,7.1,6.9,7.3,85.1
"Antigua and Barbuda",2016,35-39,6595,3022,3573,7.0,6.8,7.2,84.6
"Antigua and Barbuda",2016,40-44,6464,2902,3562,6.9,6.6,7.2,81.5
"Antigua and Barbuda",2016,45-49,6837,3072,3765,7.3,6.9,7.6,81.6
"Antigua and Barbuda",2016,50-54,6229,2795,3434,6.7,6.3,7.0,81.4
"Antigua and Barbuda",2016,55-59,5123,2314,2809,5.5,5.2,5.7,82.4
"Antigua and Barbuda",2016,60-64,3792,1707,2085,4.1,3.9,4.2,81.9
"Antigua and Barbuda",2016,65-69,2828,1252,1576,3.0,2.8,3.2,79.4
"Antigua and Barbuda",2016,70-74,1868,814,1054,2.0,1.8,2.1,77.2
"Antigua and Barbuda",2016,75-79,1186,519,667,1.3,1.2,1.4,77.8
"Antigua and Barbuda",2016,80-84,757,316,441,0.8,0.7,0.9,71.7
"Antigua and Barbuda",2016,85-89,434,160,274,0.5,0.4,0.6,58.4
"Antigua and Barbuda",2016,90-94,178,61,117,0.2,0.1,0.2,52.1
"Antigua and Barbuda",2016,95-99,45,13,32,0.0,0.0,0.1,40.6
"Antigua and Barbuda",2016,100+,5,1,4,0.0,0.0,0.0,25.0
