" Five Year Age Groups and Sex for Custom Region - Bosnia and Herzegovina"
Country,Year,Age,"Both Sexes Population","Male Population","Female Population","Percent Both Sexes","Percent Male","Percent Female","Sex Ratio"
"Bosnia and Herzegovina",2016,Total,3861912,1882033,1979879,100.0,100.0,100.0,95.1
"Bosnia and Herzegovina",2016,0-4,170901,88408,82493,4.4,4.7,4.2,107.2
"Bosnia and Herzegovina",2016,5-9,169123,87476,81647,4.4,4.6,4.1,107.1
"Bosnia and Herzegovina",2016,10-14,175790,90505,85285,4.6,4.8,4.3,106.1
"Bosnia and Herzegovina",2016,15-19,227495,117355,110140,5.9,6.2,5.6,106.6
"Bosnia and Herzegovina",2016,20-24,234786,121327,113459,6.1,6.4,5.7,106.9
"Bosnia and Herzegovina",2016,25-29,281804,144255,137549,7.3,7.7,6.9,104.9
"Bosnia and Herzegovina",2016,30-34,288455,145157,143298,7.5,7.7,7.2,101.3
"Bosnia and Herzegovina",2016,35-39,284837,141652,143185,7.4,7.5,7.2,98.9
"Bosnia and Herzegovina",2016,40-44,301267,148637,152630,7.8,7.9,7.7,97.4
"Bosnia and Herzegovina",2016,45-49,311361,158079,153282,8.1,8.4,7.7,103.1
"Bosnia and Herzegovina",2016,50-54,316443,158980,157463,8.2,8.4,8.0,101.0
"Bosnia and Herzegovina",2016,55-59,297429,144920,152509,7.7,7.7,7.7,95.0
"Bosnia and Herzegovina",2016,60-64,259663,122708,136955,6.7,6.5,6.9,89.6
"Bosnia and Herzegovina",2016,65-69,191558,85939,105619,5.0,4.6,5.3,81.4
"Bosnia and Herzegovina",2016,70-74,119594,51001,68593,3.1,2.7,3.5,74.4
"Bosnia and Herzegovina",2016,75-79,125381,48122,77259,3.2,2.6,3.9,62.3
"Bosnia and Herzegovina",2016,80-84,72848,22264,50584,1.9,1.2,2.6,44.0
"Bosnia and Herzegovina",2016,85-89,26806,4895,21911,0.7,0.3,1.1,22.3
"Bosnia and Herzegovina",2016,90-94,5746,342,5404,0.1,0.0,0.3,6.3
"Bosnia and Herzegovina",2016,95-99,597,11,586,0.0,0.0,0.0,1.9
"Bosnia and Herzegovina",2016,100+,28,0,28,0.0,0.0,0.0,0.0
