" Five Year Age Groups and Sex for Custom Region - Central African Republic"
Country,Year,Age,"Both Sexes Population","Male Population","Female Population","Percent Both Sexes","Percent Male","Percent Female","Sex Ratio"
"Central African Republic",2016,Total,5507257,2732117,2775140,100.0,100.0,100.0,98.4
"Central African Republic",2016,0-4,829217,417191,412026,15.1,15.3,14.8,101.3
"Central African Republic",2016,5-9,731549,367356,364193,13.3,13.4,13.1,100.9
"Central African Republic",2016,10-14,656770,330180,326590,11.9,12.1,11.8,101.1
"Central African Republic",2016,15-19,581800,292909,288891,10.6,10.7,10.4,101.4
"Central African Republic",2016,20-24,518772,260355,258417,9.4,9.5,9.3,100.7
"Central African Republic",2016,25-29,466396,233694,232702,8.5,8.6,8.4,100.4
"Central African Republic",2016,30-34,381702,191894,189808,6.9,7.0,6.8,101.1
"Central African Republic",2016,35-39,300011,150393,149618,5.4,5.5,5.4,100.5
"Central African Republic",2016,40-44,243009,121420,121589,4.4,4.4,4.4,99.9
"Central African Republic",2016,45-49,216132,107043,109089,3.9,3.9,3.9,98.1
"Central African Republic",2016,50-54,168402,83860,84542,3.1,3.1,3.0,99.2
"Central African Republic",2016,55-59,129225,61794,67431,2.3,2.3,2.4,91.6
"Central African Republic",2016,60-64,93045,39512,53533,1.7,1.4,1.9,73.8
"Central African Republic",2016,65-69,70540,28003,42537,1.3,1.0,1.5,65.8
"Central African Republic",2016,70-74,55350,21800,33550,1.0,0.8,1.2,65.0
"Central African Republic",2016,75-79,36651,14090,22561,0.7,0.5,0.8,62.5
"Central African Republic",2016,80-84,19784,7426,12358,0.4,0.3,0.4,60.1
"Central African Republic",2016,85-89,7186,2596,4590,0.1,0.1,0.2,56.6
"Central African Republic",2016,90-94,1533,540,993,0.0,0.0,0.0,54.4
"Central African Republic",2016,95-99,174,58,116,0.0,0.0,0.0,50.0
"Central African Republic",2016,100+,9,3,6,0.0,0.0,0.0,50.0
