" Five Year Age Groups and Sex for Custom Region - Congo (Brazzaville)"
Country,Year,Age,"Both Sexes Population","Male Population","Female Population","Percent Both Sexes","Percent Male","Percent Female","Sex Ratio"
"Congo (Brazzaville)",2016,Total,4852412,2432653,2419759,100.0,100.0,100.0,100.5
"Congo (Brazzaville)",2016,0-4,777195,393008,384187,16.0,16.2,15.9,102.3
"Congo (Brazzaville)",2016,5-9,705817,355718,350099,14.5,14.6,14.5,101.6
"Congo (Brazzaville)",2016,10-14,531996,267951,264045,11.0,11.0,10.9,101.5
"Congo (Brazzaville)",2016,15-19,435693,218596,217097,9.0,9.0,9.0,100.7
"Congo (Brazzaville)",2016,20-24,401952,200652,201300,8.3,8.2,8.3,99.7
"Congo (Brazzaville)",2016,25-29,364183,174492,189691,7.5,7.2,7.8,92.0
"Congo (Brazzaville)",2016,30-34,337768,160185,177583,7.0,6.6,7.3,90.2
"Congo (Brazzaville)",2016,35-39,312181,158618,153563,6.4,6.5,6.3,103.3
"Congo (Brazzaville)",2016,40-44,265588,140570,125018,5.5,5.8,5.2,112.4
"Congo (Brazzaville)",2016,45-49,211871,113301,98570,4.4,4.7,4.1,114.9
"Congo (Brazzaville)",2016,50-54,158353,83925,74428,3.3,3.4,3.1,112.8
"Congo (Brazzaville)",2016,55-59,117968,60362,57606,2.4,2.5,2.4,104.8
"Congo (Brazzaville)",2016,60-64,85029,40756,44273,1.8,1.7,1.8,92.1
"Congo (Brazzaville)",2016,65-69,58516,27141,31375,1.2,1.1,1.3,86.5
"Congo (Brazzaville)",2016,70-74,40386,18019,22367,0.8,0.7,0.9,80.6
"Congo (Brazzaville)",2016,75-79,26753,11350,15403,0.6,0.5,0.6,73.7
"Congo (Brazzaville)",2016,80-84,14451,5663,8788,0.3,0.2,0.4,64.4
"Congo (Brazzaville)",2016,85-89,5269,1881,3388,0.1,0.1,0.1,55.5
"Congo (Brazzaville)",2016,90-94,1271,412,859,0.0,0.0,0.0,48.0
"Congo (Brazzaville)",2016,95-99,163,50,113,0.0,0.0,0.0,44.2
"Congo (Brazzaville)",2016,100+,9,3,6,0.0,0.0,0.0,50.0
