" Five Year Age Groups and Sex for Custom Region - Dominican Republic"
Country,Year,Age,"Both Sexes Population","Male Population","Female Population","Percent Both Sexes","Percent Male","Percent Female","Sex Ratio"
"Dominican Republic",2016,Total,10606865,5368448,5238417,100.0,100.0,100.0,102.5
"Dominican Republic",2016,0-4,957484,487263,470221,9.0,9.1,9.0,103.6
"Dominican Republic",2016,5-9,943824,480121,463703,8.9,8.9,8.9,103.5
"Dominican Republic",2016,10-14,969307,493005,476302,9.1,9.2,9.1,103.5
"Dominican Republic",2016,15-19,994936,506237,488699,9.4,9.4,9.3,103.6
"Dominican Republic",2016,20-24,946459,482783,463676,8.9,9.0,8.9,104.1
"Dominican Republic",2016,25-29,874235,447144,427091,8.2,8.3,8.2,104.7
"Dominican Republic",2016,30-34,792034,406647,385387,7.5,7.6,7.4,105.5
"Dominican Republic",2016,35-39,706296,362451,343845,6.7,6.8,6.6,105.4
"Dominican Republic",2016,40-44,644305,330465,313840,6.1,6.2,6.0,105.3
"Dominican Republic",2016,45-49,617305,315193,302112,5.8,5.9,5.8,104.3
"Dominican Republic",2016,50-54,559767,284182,275585,5.3,5.3,5.3,103.1
"Dominican Republic",2016,55-59,457405,231038,226367,4.3,4.3,4.3,102.1
"Dominican Republic",2016,60-64,355738,178128,177610,3.4,3.3,3.4,100.3
"Dominican Republic",2016,65-69,277164,135935,141229,2.6,2.5,2.7,96.3
"Dominican Republic",2016,70-74,206880,98173,108707,2.0,1.8,2.1,90.3
"Dominican Republic",2016,75-79,148594,67434,81160,1.4,1.3,1.5,83.1
"Dominican Republic",2016,80-84,91416,38429,52987,0.9,0.7,1.0,72.5
"Dominican Republic",2016,85-89,47184,18341,28843,0.4,0.3,0.6,63.6
"Dominican Republic",2016,90-94,13753,4701,9052,0.1,0.1,0.2,51.9
"Dominican Republic",2016,95-99,2526,717,1809,0.0,0.0,0.0,39.6
"Dominican Republic",2016,100+,253,61,192,0.0,0.0,0.0,31.8
