" Five Year Age Groups and Sex for Custom Region - Equatorial Guinea"
Country,Year,Age,"Both Sexes Population","Male Population","Female Population","Percent Both Sexes","Percent Male","Percent Female","Sex Ratio"
"Equatorial Guinea",2016,Total,759451,378488,380963,100.0,100.0,100.0,99.4
"Equatorial Guinea",2016,0-4,111533,56587,54946,14.7,15.0,14.4,103.0
"Equatorial Guinea",2016,5-9,101460,51557,49903,13.4,13.6,13.1,103.3
"Equatorial Guinea",2016,10-14,91913,46752,45161,12.1,12.4,11.9,103.5
"Equatorial Guinea",2016,15-19,80340,40913,39427,10.6,10.8,10.3,103.8
"Equatorial Guinea",2016,20-24,68768,35001,33767,9.1,9.2,8.9,103.7
"Equatorial Guinea",2016,25-29,58825,29853,28972,7.7,7.9,7.6,103.0
"Equatorial Guinea",2016,30-34,49801,25161,24640,6.6,6.6,6.5,102.1
"Equatorial Guinea",2016,35-39,41982,21140,20842,5.5,5.6,5.5,101.4
"Equatorial Guinea",2016,40-44,35738,18026,17712,4.7,4.8,4.6,101.8
"Equatorial Guinea",2016,45-49,31108,15269,15839,4.1,4.0,4.2,96.4
"Equatorial Guinea",2016,50-54,25132,11550,13582,3.3,3.1,3.6,85.0
"Equatorial Guinea",2016,55-59,18507,8019,10488,2.4,2.1,2.8,76.5
"Equatorial Guinea",2016,60-64,14128,6033,8095,1.9,1.6,2.1,74.5
"Equatorial Guinea",2016,65-69,11235,4704,6531,1.5,1.2,1.7,72.0
"Equatorial Guinea",2016,70-74,8930,3644,5286,1.2,1.0,1.4,68.9
"Equatorial Guinea",2016,75-79,5950,2543,3407,0.8,0.7,0.9,74.6
"Equatorial Guinea",2016,80-84,2889,1259,1630,0.4,0.3,0.4,77.2
"Equatorial Guinea",2016,85-89,971,392,579,0.1,0.1,0.2,67.7
"Equatorial Guinea",2016,90-94,216,78,138,0.0,0.0,0.0,56.5
"Equatorial Guinea",2016,95-99,24,7,17,0.0,0.0,0.0,41.2
"Equatorial Guinea",2016,100+,1,0,1,0.0,0.0,0.0,0.0
