" Five Year Age Groups and Sex for Custom Region - French Polynesia"
Country,Year,Age,"Both Sexes Population","Male Population","Female Population","Percent Both Sexes","Percent Male","Percent Female","Sex Ratio"
"French Polynesia",2016,Total,285321,146101,139220,100.0,100.0,100.0,104.9
"French Polynesia",2016,0-4,21451,10976,10475,7.5,7.5,7.5,104.8
"French Polynesia",2016,5-9,21821,11192,10629,7.6,7.7,7.6,105.3
"French Polynesia",2016,10-14,22055,11432,10623,7.7,7.8,7.6,107.6
"French Polynesia",2016,15-19,22604,11785,10819,7.9,8.1,7.8,108.9
"French Polynesia",2016,20-24,23146,11966,11180,8.1,8.2,8.0,107.0
"French Polynesia",2016,25-29,24525,12539,11986,8.6,8.6,8.6,104.6
"French Polynesia",2016,30-34,22643,11409,11234,7.9,7.8,8.1,101.6
"French Polynesia",2016,35-39,20350,10395,9955,7.1,7.1,7.2,104.4
"French Polynesia",2016,40-44,20233,10413,9820,7.1,7.1,7.1,106.0
"French Polynesia",2016,45-49,20361,10565,9796,7.1,7.2,7.0,107.9
"French Polynesia",2016,50-54,18209,9438,8771,6.4,6.5,6.3,107.6
"French Polynesia",2016,55-59,14575,7538,7037,5.1,5.2,5.1,107.1
"French Polynesia",2016,60-64,11472,5861,5611,4.0,4.0,4.0,104.5
"French Polynesia",2016,65-69,8040,4044,3996,2.8,2.8,2.9,101.2
"French Polynesia",2016,70-74,6030,3000,3030,2.1,2.1,2.2,99.0
"French Polynesia",2016,75-79,4039,1941,2098,1.4,1.3,1.5,92.5
"French Polynesia",2016,80-84,2353,1071,1282,0.8,0.7,0.9,83.5
"French Polynesia",2016,85-89,1013,411,602,0.4,0.3,0.4,68.3
"French Polynesia",2016,90-94,321,106,215,0.1,0.1,0.2,49.3
"French Polynesia",2016,95-99,70,17,53,0.0,0.0,0.0,32.1
"French Polynesia",2016,100+,10,2,8,0.0,0.0,0.0,25.0
