" Five Year Age Groups and Sex for Custom Region - Liechtenstein"
Country,Year,Age,"Both Sexes Population","Male Population","Female Population","Percent Both Sexes","Percent Male","Percent Female","Sex Ratio"
Liechtenstein,2016,Total,37937,18845,19092,100.0,100.0,100.0,98.7
Liechtenstein,2016,0-4,1981,1101,880,5.2,5.8,4.6,125.1
Liechtenstein,2016,5-9,1912,1038,874,5.0,5.5,4.6,118.8
Liechtenstein,2016,10-14,1942,1002,940,5.1,5.3,4.9,106.6
Liechtenstein,2016,15-19,2192,1088,1104,5.8,5.8,5.8,98.6
Liechtenstein,2016,20-24,2251,1126,1125,5.9,6.0,5.9,100.1
Liechtenstein,2016,25-29,2331,1209,1122,6.1,6.4,5.9,107.8
Liechtenstein,2016,30-34,2392,1205,1187,6.3,6.4,6.2,101.5
Liechtenstein,2016,35-39,2457,1255,1202,6.5,6.7,6.3,104.4
Liechtenstein,2016,40-44,2644,1296,1348,7.0,6.9,7.1,96.1
Liechtenstein,2016,45-49,3128,1542,1586,8.2,8.2,8.3,97.2
Liechtenstein,2016,50-54,3032,1476,1556,8.0,7.8,8.2,94.9
Liechtenstein,2016,55-59,2804,1369,1435,7.4,7.3,7.5,95.4
Liechtenstein,2016,60-64,2439,1184,1255,6.4,6.3,6.6,94.3
Liechtenstein,2016,65-69,2166,1086,1080,5.7,5.8,5.7,100.6
Liechtenstein,2016,70-74,1748,840,908,4.6,4.5,4.8,92.5
Liechtenstein,2016,75-79,1124,513,611,3.0,2.7,3.2,84.0
Liechtenstein,2016,80-84,689,282,407,1.8,1.5,2.1,69.3
Liechtenstein,2016,85-89,411,148,263,1.1,0.8,1.4,56.3
Liechtenstein,2016,90-94,226,67,159,0.6,0.4,0.8,42.1
Liechtenstein,2016,95-99,58,16,42,0.2,0.1,0.2,38.1
Liechtenstein,2016,100+,10,2,8,0.0,0.0,0.0,25.0
