" Five Year Age Groups and Sex for Custom Region - Marshall Islands"
Country,Year,Age,"Both Sexes Population","Male Population","Female Population","Percent Both Sexes","Percent Male","Percent Female","Sex Ratio"
"Marshall Islands",2016,Total,73376,37314,36062,100.0,100.0,100.0,103.5
"Marshall Islands",2016,0-4,8950,4569,4381,12.2,12.2,12.1,104.3
"Marshall Islands",2016,5-9,8853,4513,4340,12.1,12.1,12.0,104.0
"Marshall Islands",2016,10-14,8228,4191,4037,11.2,11.2,11.2,103.8
"Marshall Islands",2016,15-19,7432,3781,3651,10.1,10.1,10.1,103.6
"Marshall Islands",2016,20-24,5439,2764,2675,7.4,7.4,7.4,103.3
"Marshall Islands",2016,25-29,6424,3262,3162,8.8,8.7,8.8,103.2
"Marshall Islands",2016,30-34,6568,3327,3241,9.0,8.9,9.0,102.7
"Marshall Islands",2016,35-39,4871,2536,2335,6.6,6.8,6.5,108.6
"Marshall Islands",2016,40-44,3706,1952,1754,5.1,5.2,4.9,111.3
"Marshall Islands",2016,45-49,3222,1596,1626,4.4,4.3,4.5,98.2
"Marshall Islands",2016,50-54,2650,1293,1357,3.6,3.5,3.8,95.3
"Marshall Islands",2016,55-59,2303,1151,1152,3.1,3.1,3.2,99.9
"Marshall Islands",2016,60-64,1943,1009,934,2.6,2.7,2.6,108.0
"Marshall Islands",2016,65-69,1293,663,630,1.8,1.8,1.7,105.2
"Marshall Islands",2016,70-74,726,358,368,1.0,1.0,1.0,97.3
"Marshall Islands",2016,75-79,424,206,218,0.6,0.6,0.6,94.5
"Marshall Islands",2016,80-84,207,92,115,0.3,0.2,0.3,80.0
"Marshall Islands",2016,85-89,97,38,59,0.1,0.1,0.2,64.4
"Marshall Islands",2016,90-94,32,11,21,0.0,0.0,0.1,52.4
"Marshall Islands",2016,95-99,6,1,5,0.0,0.0,0.0,20.0
"Marshall Islands",2016,100+,2,1,1,0.0,0.0,0.0,100.0
