" Five Year Age Groups and Sex for Custom Region - Micronesia, Federated States of"
Country,Year,Age,"Both Sexes Population","Male Population","Female Population","Percent Both Sexes","Percent Male","Percent Female","Sex Ratio"
"Micronesia, Federated States of",2016,Total,104719,51759,52960,100.0,100.0,100.0,97.7
"Micronesia, Federated States of",2016,0-4,10429,5318,5111,10.0,10.3,9.7,104.1
"Micronesia, Federated States of",2016,5-9,10660,5413,5247,10.2,10.5,9.9,103.2
"Micronesia, Federated States of",2016,10-14,11175,5670,5505,10.7,11.0,10.4,103.0
"Micronesia, Federated States of",2016,15-19,11122,5597,5525,10.6,10.8,10.4,101.3
"Micronesia, Federated States of",2016,20-24,9610,4809,4801,9.2,9.3,9.1,100.2
"Micronesia, Federated States of",2016,25-29,8680,4321,4359,8.3,8.3,8.2,99.1
"Micronesia, Federated States of",2016,30-34,8279,4002,4277,7.9,7.7,8.1,93.6
"Micronesia, Federated States of",2016,35-39,7366,3587,3779,7.0,6.9,7.1,94.9
"Micronesia, Federated States of",2016,40-44,6268,2976,3292,6.0,5.7,6.2,90.4
"Micronesia, Federated States of",2016,45-49,5305,2477,2828,5.1,4.8,5.3,87.6
"Micronesia, Federated States of",2016,50-54,4735,2304,2431,4.5,4.5,4.6,94.8
"Micronesia, Federated States of",2016,55-59,4069,1997,2072,3.9,3.9,3.9,96.4
"Micronesia, Federated States of",2016,60-64,3122,1535,1587,3.0,3.0,3.0,96.7
"Micronesia, Federated States of",2016,65-69,1990,990,1000,1.9,1.9,1.9,99.0
"Micronesia, Federated States of",2016,70-74,963,436,527,0.9,0.8,1.0,82.7
"Micronesia, Federated States of",2016,75-79,499,185,314,0.5,0.4,0.6,58.9
"Micronesia, Federated States of",2016,80-84,279,92,187,0.3,0.2,0.4,49.2
"Micronesia, Federated States of",2016,85-89,123,39,84,0.1,0.1,0.2,46.4
"Micronesia, Federated States of",2016,90-94,36,8,28,0.0,0.0,0.1,28.6
"Micronesia, Federated States of",2016,95-99,7,2,5,0.0,0.0,0.0,40.0
"Micronesia, Federated States of",2016,100+,2,1,1,0.0,0.0,0.0,100.0
