" Five Year Age Groups and Sex for Custom Region - Northern Mariana Islands"
Country,Year,Age,"Both Sexes Population","Male Population","Female Population","Percent Both Sexes","Percent Male","Percent Female","Sex Ratio"
"Northern Mariana Islands",2016,Total,53467,25747,27720,100.0,100.0,100.0,92.9
"Northern Mariana Islands",2016,0-4,4844,2491,2353,9.1,9.7,8.5,105.9
"Northern Mariana Islands",2016,5-9,5052,2598,2454,9.4,10.1,8.9,105.9
"Northern Mariana Islands",2016,10-14,3759,1952,1807,7.0,7.6,6.5,108.0
"Northern Mariana Islands",2016,15-19,3442,1941,1501,6.4,7.5,5.4,129.3
"Northern Mariana Islands",2016,20-24,3825,2132,1693,7.2,8.3,6.1,125.9
"Northern Mariana Islands",2016,25-29,3719,1771,1948,7.0,6.9,7.0,90.9
"Northern Mariana Islands",2016,30-34,4310,1208,3102,8.1,4.7,11.2,38.9
"Northern Mariana Islands",2016,35-39,4145,1150,2995,7.8,4.5,10.8,38.4
"Northern Mariana Islands",2016,40-44,3502,1714,1788,6.5,6.7,6.5,95.9
"Northern Mariana Islands",2016,45-49,3935,2068,1867,7.4,8.0,6.7,110.8
"Northern Mariana Islands",2016,50-54,4087,2124,1963,7.6,8.2,7.1,108.2
"Northern Mariana Islands",2016,55-59,3654,1908,1746,6.8,7.4,6.3,109.3
"Northern Mariana Islands",2016,60-64,2367,1302,1065,4.4,5.1,3.8,122.3
"Northern Mariana Islands",2016,65-69,1419,748,671,2.7,2.9,2.4,111.5
"Northern Mariana Islands",2016,70-74,732,325,407,1.4,1.3,1.5,79.9
"Northern Mariana Islands",2016,75-79,350,201,149,0.7,0.8,0.5,134.9
"Northern Mariana Islands",2016,80-84,191,75,116,0.4,0.3,0.4,64.7
"Northern Mariana Islands",2016,85-89,97,30,67,0.2,0.1,0.2,44.8
"Northern Mariana Islands",2016,90-94,32,9,23,0.1,0.0,0.1,39.1
"Northern Mariana Islands",2016,95-99,4,0,4,0.0,0.0,0.0,0.0
"Northern Mariana Islands",2016,100+,1,0,1,0.0,0.0,0.0,0.0
