" Five Year Age Groups and Sex for Custom Region - Saint Kitts and Nevis"
Country,Year,Age,"Both Sexes Population","Male Population","Female Population","Percent Both Sexes","Percent Male","Percent Female","Sex Ratio"
"Saint Kitts and Nevis",2016,Total,52329,26175,26154,100.0,100.0,100.0,100.1
"Saint Kitts and Nevis",2016,0-4,3531,1786,1745,6.7,6.8,6.7,102.3
"Saint Kitts and Nevis",2016,5-9,3620,1811,1809,6.9,6.9,6.9,100.1
"Saint Kitts and Nevis",2016,10-14,3636,1811,1825,6.9,6.9,7.0,99.2
"Saint Kitts and Nevis",2016,15-19,4014,1936,2078,7.7,7.4,7.9,93.2
"Saint Kitts and Nevis",2016,20-24,3740,1831,1909,7.1,7.0,7.3,95.9
"Saint Kitts and Nevis",2016,25-29,3960,2019,1941,7.6,7.7,7.4,104.0
"Saint Kitts and Nevis",2016,30-34,4048,2022,2026,7.7,7.7,7.7,99.8
"Saint Kitts and Nevis",2016,35-39,3991,2028,1963,7.6,7.7,7.5,103.3
"Saint Kitts and Nevis",2016,40-44,3850,1979,1871,7.4,7.6,7.2,105.8
"Saint Kitts and Nevis",2016,45-49,3737,1947,1790,7.1,7.4,6.8,108.8
"Saint Kitts and Nevis",2016,50-54,3885,2033,1852,7.4,7.8,7.1,109.8
"Saint Kitts and Nevis",2016,55-59,3458,1706,1752,6.6,6.5,6.7,97.4
"Saint Kitts and Nevis",2016,60-64,2497,1266,1231,4.8,4.8,4.7,102.8
"Saint Kitts and Nevis",2016,65-69,1498,760,738,2.9,2.9,2.8,103.0
"Saint Kitts and Nevis",2016,70-74,1040,497,543,2.0,1.9,2.1,91.5
"Saint Kitts and Nevis",2016,75-79,757,335,422,1.4,1.3,1.6,79.4
"Saint Kitts and Nevis",2016,80-84,534,223,311,1.0,0.9,1.2,71.7
"Saint Kitts and Nevis",2016,85-89,340,123,217,0.6,0.5,0.8,56.7
"Saint Kitts and Nevis",2016,90-94,143,49,94,0.3,0.2,0.4,52.1
"Saint Kitts and Nevis",2016,95-99,42,11,31,0.1,0.0,0.1,35.5
"Saint Kitts and Nevis",2016,100+,8,2,6,0.0,0.0,0.0,33.3
