" Five Year Age Groups and Sex for Custom Region - Saint Pierre and Miquelon"
Country,Year,Age,"Both Sexes Population","Male Population","Female Population","Percent Both Sexes","Percent Male","Percent Female","Sex Ratio"
"Saint Pierre and Miquelon",2016,Total,5595,2732,2863,100.0,100.0,100.0,95.4
"Saint Pierre and Miquelon",2016,0-4,234,120,114,4.2,4.4,4.0,105.3
"Saint Pierre and Miquelon",2016,5-9,300,155,145,5.4,5.7,5.1,106.9
"Saint Pierre and Miquelon",2016,10-14,337,174,163,6.0,6.4,5.7,106.7
"Saint Pierre and Miquelon",2016,15-19,285,149,136,5.1,5.5,4.8,109.6
"Saint Pierre and Miquelon",2016,20-24,222,114,108,4.0,4.2,3.8,105.6
"Saint Pierre and Miquelon",2016,25-29,190,91,99,3.4,3.3,3.5,91.9
"Saint Pierre and Miquelon",2016,30-34,291,138,153,5.2,5.1,5.3,90.2
"Saint Pierre and Miquelon",2016,35-39,357,177,180,6.4,6.5,6.3,98.3
"Saint Pierre and Miquelon",2016,40-44,481,225,256,8.6,8.2,8.9,87.9
"Saint Pierre and Miquelon",2016,45-49,577,288,289,10.3,10.5,10.1,99.7
"Saint Pierre and Miquelon",2016,50-54,470,246,224,8.4,9.0,7.8,109.8
"Saint Pierre and Miquelon",2016,55-59,385,201,184,6.9,7.4,6.4,109.2
"Saint Pierre and Miquelon",2016,60-64,376,198,178,6.7,7.2,6.2,111.2
"Saint Pierre and Miquelon",2016,65-69,361,172,189,6.5,6.3,6.6,91.0
"Saint Pierre and Miquelon",2016,70-74,253,112,141,4.5,4.1,4.9,79.4
"Saint Pierre and Miquelon",2016,75-79,194,87,107,3.5,3.2,3.7,81.3
"Saint Pierre and Miquelon",2016,80-84,143,46,97,2.6,1.7,3.4,47.4
"Saint Pierre and Miquelon",2016,85-89,84,28,56,1.5,1.0,2.0,50.0
"Saint Pierre and Miquelon",2016,90-94,37,8,29,0.7,0.3,1.0,27.6
"Saint Pierre and Miquelon",2016,95-99,15,3,12,0.3,0.1,0.4,25.0
"Saint Pierre and Miquelon",2016,100+,3,0,3,0.1,0.0,0.1,0.0
