" Five Year Age Groups and Sex for Custom Region - Saint Barthelemy"
Country,Year,Age,"Both Sexes Population","Male Population","Female Population","Percent Both Sexes","Percent Male","Percent Female","Sex Ratio"
"Saint Barthelemy",2016,Total,7209,3824,3385,100.0,100.0,100.0,113.0
"Saint Barthelemy",2016,0-4,354,182,172,4.9,4.8,5.1,105.8
"Saint Barthelemy",2016,5-9,420,215,205,5.8,5.6,6.1,104.9
"Saint Barthelemy",2016,10-14,444,229,215,6.2,6.0,6.4,106.5
"Saint Barthelemy",2016,15-19,206,107,99,2.9,2.8,2.9,108.1
"Saint Barthelemy",2016,20-24,305,161,144,4.2,4.2,4.3,111.8
"Saint Barthelemy",2016,25-29,502,272,230,7.0,7.1,6.8,118.3
"Saint Barthelemy",2016,30-34,499,272,227,6.9,7.1,6.7,119.8
"Saint Barthelemy",2016,35-39,500,271,229,6.9,7.1,6.8,118.3
"Saint Barthelemy",2016,40-44,532,288,244,7.4,7.5,7.2,118.0
"Saint Barthelemy",2016,45-49,568,311,257,7.9,8.1,7.6,121.0
"Saint Barthelemy",2016,50-54,612,334,278,8.5,8.7,8.2,120.1
"Saint Barthelemy",2016,55-59,594,323,271,8.2,8.4,8.0,119.2
"Saint Barthelemy",2016,60-64,525,284,241,7.3,7.4,7.1,117.8
"Saint Barthelemy",2016,65-69,447,235,212,6.2,6.1,6.3,110.8
"Saint Barthelemy",2016,70-74,316,163,153,4.4,4.3,4.5,106.5
"Saint Barthelemy",2016,75-79,197,99,98,2.7,2.6,2.9,101.0
"Saint Barthelemy",2016,80-84,109,50,59,1.5,1.3,1.7,84.7
"Saint Barthelemy",2016,85-89,52,20,32,0.7,0.5,0.9,62.5
"Saint Barthelemy",2016,90-94,22,7,15,0.3,0.2,0.4,46.7
"Saint Barthelemy",2016,95-99,3,0,3,0.0,0.0,0.1,0.0
"Saint Barthelemy",2016,100+,2,1,1,0.0,0.0,0.0,100.0
