" Five Year Age Groups and Sex for Custom Region - Saint Vincent and the Grenadines"
Country,Year,Age,"Both Sexes Population","Male Population","Female Population","Percent Both Sexes","Percent Male","Percent Female","Sex Ratio"
"Saint Vincent and the Grenadines",2016,Total,102350,52031,50319,100.0,100.0,100.0,103.4
"Saint Vincent and the Grenadines",2016,0-4,6936,3506,3430,6.8,6.7,6.8,102.2
"Saint Vincent and the Grenadines",2016,5-9,7405,3735,3670,7.2,7.2,7.3,101.8
"Saint Vincent and the Grenadines",2016,10-14,7955,4005,3950,7.8,7.7,7.8,101.4
"Saint Vincent and the Grenadines",2016,15-19,8306,4180,4126,8.1,8.0,8.2,101.3
"Saint Vincent and the Grenadines",2016,20-24,8359,4227,4132,8.2,8.1,8.2,102.3
"Saint Vincent and the Grenadines",2016,25-29,7647,3896,3751,7.5,7.5,7.5,103.9
"Saint Vincent and the Grenadines",2016,30-34,7510,3871,3639,7.3,7.4,7.2,106.4
"Saint Vincent and the Grenadines",2016,35-39,7618,3944,3674,7.4,7.6,7.3,107.3
"Saint Vincent and the Grenadines",2016,40-44,7195,3762,3433,7.0,7.2,6.8,109.6
"Saint Vincent and the Grenadines",2016,45-49,6991,3682,3309,6.8,7.1,6.6,111.3
"Saint Vincent and the Grenadines",2016,50-54,6682,3513,3169,6.5,6.8,6.3,110.9
"Saint Vincent and the Grenadines",2016,55-59,5796,2993,2803,5.7,5.8,5.6,106.8
"Saint Vincent and the Grenadines",2016,60-64,4643,2370,2273,4.5,4.6,4.5,104.3
"Saint Vincent and the Grenadines",2016,65-69,3148,1599,1549,3.1,3.1,3.1,103.2
"Saint Vincent and the Grenadines",2016,70-74,2327,1144,1183,2.3,2.2,2.4,96.7
"Saint Vincent and the Grenadines",2016,75-79,1757,803,954,1.7,1.5,1.9,84.2
"Saint Vincent and the Grenadines",2016,80-84,1165,487,678,1.1,0.9,1.3,71.8
"Saint Vincent and the Grenadines",2016,85-89,639,233,406,0.6,0.4,0.8,57.4
"Saint Vincent and the Grenadines",2016,90-94,220,68,152,0.2,0.1,0.3,44.7
"Saint Vincent and the Grenadines",2016,95-99,46,12,34,0.0,0.0,0.1,35.3
"Saint Vincent and the Grenadines",2016,100+,5,1,4,0.0,0.0,0.0,25.0
