" Five Year Age Groups and Sex for Custom Region - Sao Tome and Principe"
Country,Year,Age,"Both Sexes Population","Male Population","Female Population","Percent Both Sexes","Percent Male","Percent Female","Sex Ratio"
"Sao Tome and Principe",2016,Total,197541,98594,98947,100.0,100.0,100.0,99.6
"Sao Tome and Principe",2016,0-4,30026,15230,14796,15.2,15.4,15.0,102.9
"Sao Tome and Principe",2016,5-9,27795,14145,13650,14.1,14.3,13.8,103.6
"Sao Tome and Principe",2016,10-14,26073,13285,12788,13.2,13.5,12.9,103.9
"Sao Tome and Principe",2016,15-19,22671,11516,11155,11.5,11.7,11.3,103.2
"Sao Tome and Principe",2016,20-24,17495,8842,8653,8.9,9.0,8.7,102.2
"Sao Tome and Principe",2016,25-29,14613,7315,7298,7.4,7.4,7.4,100.2
"Sao Tome and Principe",2016,30-34,12918,6353,6565,6.5,6.4,6.6,96.8
"Sao Tome and Principe",2016,35-39,11716,5714,6002,5.9,5.8,6.1,95.2
"Sao Tome and Principe",2016,40-44,9150,4435,4715,4.6,4.5,4.8,94.1
"Sao Tome and Principe",2016,45-49,6448,3170,3278,3.3,3.2,3.3,96.7
"Sao Tome and Principe",2016,50-54,5712,2741,2971,2.9,2.8,3.0,92.3
"Sao Tome and Principe",2016,55-59,4299,2005,2294,2.2,2.0,2.3,87.4
"Sao Tome and Principe",2016,60-64,3002,1337,1665,1.5,1.4,1.7,80.3
"Sao Tome and Principe",2016,65-69,1908,841,1067,1.0,0.9,1.1,78.8
"Sao Tome and Principe",2016,70-74,1354,589,765,0.7,0.6,0.8,77.0
"Sao Tome and Principe",2016,75-79,1257,589,668,0.6,0.6,0.7,88.2
"Sao Tome and Principe",2016,80-84,713,324,389,0.4,0.3,0.4,83.3
"Sao Tome and Principe",2016,85-89,300,128,172,0.2,0.1,0.2,74.4
"Sao Tome and Principe",2016,90-94,80,31,49,0.0,0.0,0.0,63.3
"Sao Tome and Principe",2016,95-99,11,4,7,0.0,0.0,0.0,57.1
"Sao Tome and Principe",2016,100+,0,0,0,0.0,0.0,0.0,
