" Five Year Age Groups and Sex for Custom Region - Trinidad and Tobago"
Country,Year,Age,"Both Sexes Population","Male Population","Female Population","Percent Both Sexes","Percent Male","Percent Female","Sex Ratio"
"Trinidad and Tobago",2016,Total,1220479,618562,601917,100.0,100.0,100.0,102.8
"Trinidad and Tobago",2016,0-4,81109,41113,39996,6.6,6.6,6.6,102.8
"Trinidad and Tobago",2016,5-9,80698,41055,39643,6.6,6.6,6.6,103.6
"Trinidad and Tobago",2016,10-14,74228,38046,36182,6.1,6.2,6.0,105.2
"Trinidad and Tobago",2016,15-19,72718,37834,34884,6.0,6.1,5.8,108.5
"Trinidad and Tobago",2016,20-24,76649,39904,36745,6.3,6.5,6.1,108.6
"Trinidad and Tobago",2016,25-29,95984,49731,46253,7.9,8.0,7.7,107.5
"Trinidad and Tobago",2016,30-34,118429,61522,56907,9.7,9.9,9.5,108.1
"Trinidad and Tobago",2016,35-39,97409,51101,46308,8.0,8.3,7.7,110.4
"Trinidad and Tobago",2016,40-44,78390,41632,36758,6.4,6.7,6.1,113.3
"Trinidad and Tobago",2016,45-49,77925,40609,37316,6.4,6.6,6.2,108.8
"Trinidad and Tobago",2016,50-54,94537,48224,46313,7.7,7.8,7.7,104.1
"Trinidad and Tobago",2016,55-59,83764,42168,41596,6.9,6.8,6.9,101.4
"Trinidad and Tobago",2016,60-64,63755,31289,32466,5.2,5.1,5.4,96.4
"Trinidad and Tobago",2016,65-69,47975,23001,24974,3.9,3.7,4.1,92.1
"Trinidad and Tobago",2016,70-74,33257,14989,18268,2.7,2.4,3.0,82.1
"Trinidad and Tobago",2016,75-79,22186,9251,12935,1.8,1.5,2.1,71.5
"Trinidad and Tobago",2016,80-84,12628,4608,8020,1.0,0.7,1.3,57.5
"Trinidad and Tobago",2016,85-89,6201,1880,4321,0.5,0.3,0.7,43.5
"Trinidad and Tobago",2016,90-94,2120,519,1601,0.2,0.1,0.3,32.4
"Trinidad and Tobago",2016,95-99,448,79,369,0.0,0.0,0.1,21.4
"Trinidad and Tobago",2016,100+,69,7,62,0.0,0.0,0.0,11.3
