" Five Year Age Groups and Sex for Custom Region - Turks and Caicos Islands"
Country,Year,Age,"Both Sexes Population","Male Population","Female Population","Percent Both Sexes","Percent Male","Percent Female","Sex Ratio"
"Turks and Caicos Islands",2016,Total,51430,25935,25495,100.0,100.0,100.0,101.7
"Turks and Caicos Islands",2016,0-4,4055,2069,1986,7.9,8.0,7.8,104.2
"Turks and Caicos Islands",2016,5-9,3784,1928,1856,7.4,7.4,7.3,103.9
"Turks and Caicos Islands",2016,10-14,3410,1735,1675,6.6,6.7,6.6,103.6
"Turks and Caicos Islands",2016,15-19,3526,1766,1760,6.9,6.8,6.9,100.3
"Turks and Caicos Islands",2016,20-24,3832,1862,1970,7.5,7.2,7.7,94.5
"Turks and Caicos Islands",2016,25-29,4184,1994,2190,8.1,7.7,8.6,91.1
"Turks and Caicos Islands",2016,30-34,5380,2658,2722,10.5,10.2,10.7,97.6
"Turks and Caicos Islands",2016,35-39,5855,2968,2887,11.4,11.4,11.3,102.8
"Turks and Caicos Islands",2016,40-44,5229,2688,2541,10.2,10.4,10.0,105.8
"Turks and Caicos Islands",2016,45-49,3867,2027,1840,7.5,7.8,7.2,110.2
"Turks and Caicos Islands",2016,50-54,2904,1526,1378,5.6,5.9,5.4,110.7
"Turks and Caicos Islands",2016,55-59,1902,1010,892,3.7,3.9,3.5,113.2
"Turks and Caicos Islands",2016,60-64,1237,686,551,2.4,2.6,2.2,124.5
"Turks and Caicos Islands",2016,65-69,730,356,374,1.4,1.4,1.5,95.2
"Turks and Caicos Islands",2016,70-74,578,267,311,1.1,1.0,1.2,85.9
"Turks and Caicos Islands",2016,75-79,416,167,249,0.8,0.6,1.0,67.1
"Turks and Caicos Islands",2016,80-84,278,130,148,0.5,0.5,0.6,87.8
"Turks and Caicos Islands",2016,85-89,173,67,106,0.3,0.3,0.4,63.2
"Turks and Caicos Islands",2016,90-94,66,24,42,0.1,0.1,0.2,57.1
"Turks and Caicos Islands",2016,95-99,20,6,14,0.0,0.0,0.1,42.9
"Turks and Caicos Islands",2016,100+,4,1,3,0.0,0.0,0.0,33.3
