" Five Year Age Groups and Sex for Custom Region - United Arab Emirates"
Country,Year,Age,"Both Sexes Population","Male Population","Female Population","Percent Both Sexes","Percent Male","Percent Female","Sex Ratio"
"United Arab Emirates",2016,Total,5927482,4060800,1866682,100.0,100.0,100.0,217.5
"United Arab Emirates",2016,0-4,470803,240561,230242,7.9,5.9,12.3,104.5
"United Arab Emirates",2016,5-9,429845,219471,210374,7.3,5.4,11.3,104.3
"United Arab Emirates",2016,10-14,340333,174964,165369,5.7,4.3,8.9,105.8
"United Arab Emirates",2016,15-19,303416,165282,138134,5.1,4.1,7.4,119.7
"United Arab Emirates",2016,20-24,498379,311531,186848,8.4,7.7,10.0,166.7
"United Arab Emirates",2016,25-29,863468,627259,236209,14.6,15.4,12.7,265.6
"United Arab Emirates",2016,30-34,894590,673898,220692,15.1,16.6,11.8,305.4
"United Arab Emirates",2016,35-39,729362,562011,167351,12.3,13.8,9.0,335.8
"United Arab Emirates",2016,40-44,553578,436587,116991,9.3,10.8,6.3,373.2
"United Arab Emirates",2016,45-49,370080,294338,75742,6.2,7.2,4.1,388.6
"United Arab Emirates",2016,50-54,220624,173793,46831,3.7,4.3,2.5,371.1
"United Arab Emirates",2016,55-59,125459,95208,30251,2.1,2.3,1.6,314.7
"United Arab Emirates",2016,60-64,65917,47453,18464,1.1,1.2,1.0,257.0
"United Arab Emirates",2016,65-69,30309,20024,10285,0.5,0.5,0.6,194.7
"United Arab Emirates",2016,70-74,15415,9433,5982,0.3,0.2,0.3,157.7
"United Arab Emirates",2016,75-79,8665,5247,3418,0.1,0.1,0.2,153.5
"United Arab Emirates",2016,80-84,4572,2484,2088,0.1,0.1,0.1,119.0
"United Arab Emirates",2016,85-89,2009,987,1022,0.0,0.0,0.1,96.6
"United Arab Emirates",2016,90-94,520,224,296,0.0,0.0,0.0,75.7
"United Arab Emirates",2016,95-99,121,40,81,0.0,0.0,0.0,49.4
"United Arab Emirates",2016,100+,17,5,12,0.0,0.0,0.0,41.7
