" Five Year Age Groups and Sex for Custom Region - Virgin Islands, British"
Country,Year,Age,"Both Sexes Population","Male Population","Female Population","Percent Both Sexes","Percent Male","Percent Female","Sex Ratio"
"Virgin Islands, British",2016,Total,34232,16382,17850,100.0,100.0,100.0,91.8
"Virgin Islands, British",2016,0-4,1919,967,952,5.6,5.9,5.3,101.6
"Virgin Islands, British",2016,5-9,1889,927,962,5.5,5.7,5.4,96.4
"Virgin Islands, British",2016,10-14,1938,932,1006,5.7,5.7,5.6,92.6
"Virgin Islands, British",2016,15-19,2195,1056,1139,6.4,6.4,6.4,92.7
"Virgin Islands, British",2016,20-24,2518,1201,1317,7.4,7.3,7.4,91.2
"Virgin Islands, British",2016,25-29,2978,1412,1566,8.7,8.6,8.8,90.2
"Virgin Islands, British",2016,30-34,2967,1403,1564,8.7,8.6,8.8,89.7
"Virgin Islands, British",2016,35-39,2952,1385,1567,8.6,8.5,8.8,88.4
"Virgin Islands, British",2016,40-44,2714,1259,1455,7.9,7.7,8.2,86.5
"Virgin Islands, British",2016,45-49,2703,1247,1456,7.9,7.6,8.2,85.6
"Virgin Islands, British",2016,50-54,2656,1281,1375,7.8,7.8,7.7,93.2
"Virgin Islands, British",2016,55-59,2216,1075,1141,6.5,6.6,6.4,94.2
"Virgin Islands, British",2016,60-64,1642,806,836,4.8,4.9,4.7,96.4
"Virgin Islands, British",2016,65-69,1201,609,592,3.5,3.7,3.3,102.9
"Virgin Islands, British",2016,70-74,790,394,396,2.3,2.4,2.2,99.5
"Virgin Islands, British",2016,75-79,478,223,255,1.4,1.4,1.4,87.5
"Virgin Islands, British",2016,80-84,259,116,143,0.8,0.7,0.8,81.1
"Virgin Islands, British",2016,85-89,145,59,86,0.4,0.4,0.5,68.6
"Virgin Islands, British",2016,90-94,56,23,33,0.2,0.1,0.2,69.7
"Virgin Islands, British",2016,95-99,15,6,9,0.0,0.0,0.1,66.7
"Virgin Islands, British",2016,100+,1,1,0,0.0,0.0,0.0,
