" Five Year Age Groups and Sex for Custom Region - Virgin Islands, U.S."
Country,Year,Age,"Both Sexes Population","Male Population","Female Population","Percent Both Sexes","Percent Male","Percent Female","Sex Ratio"
"Virgin Islands, U.S.",2016,Total,102951,47785,55166,100.0,100.0,100.0,86.6
"Virgin Islands, U.S.",2016,0-4,5483,2818,2665,5.3,5.9,4.8,105.7
"Virgin Islands, U.S.",2016,5-9,5899,2985,2914,5.7,6.2,5.3,102.4
"Virgin Islands, U.S.",2016,10-14,6327,3130,3197,6.1,6.6,5.8,97.9
"Virgin Islands, U.S.",2016,15-19,5034,2408,2626,4.9,5.0,4.8,91.7
"Virgin Islands, U.S.",2016,20-24,4561,1908,2653,4.4,4.0,4.8,71.9
"Virgin Islands, U.S.",2016,25-29,4630,1893,2737,4.5,4.0,5.0,69.2
"Virgin Islands, U.S.",2016,30-34,5834,2437,3397,5.7,5.1,6.2,71.7
"Virgin Islands, U.S.",2016,35-39,5608,2442,3166,5.4,5.1,5.7,77.1
"Virgin Islands, U.S.",2016,40-44,7128,3206,3922,6.9,6.7,7.1,81.7
"Virgin Islands, U.S.",2016,45-49,8004,3785,4219,7.8,7.9,7.6,89.7
"Virgin Islands, U.S.",2016,50-54,8441,4087,4354,8.2,8.6,7.9,93.9
"Virgin Islands, U.S.",2016,55-59,7950,3927,4023,7.7,8.2,7.3,97.6
"Virgin Islands, U.S.",2016,60-64,7207,3357,3850,7.0,7.0,7.0,87.2
"Virgin Islands, U.S.",2016,65-69,7032,3301,3731,6.8,6.9,6.8,88.5
"Virgin Islands, U.S.",2016,70-74,6064,2853,3211,5.9,6.0,5.8,88.9
"Virgin Islands, U.S.",2016,75-79,3724,1713,2011,3.6,3.6,3.6,85.2
"Virgin Islands, U.S.",2016,80-84,2350,946,1404,2.3,2.0,2.5,67.4
"Virgin Islands, U.S.",2016,85-89,1119,431,688,1.1,0.9,1.2,62.6
"Virgin Islands, U.S.",2016,90-94,429,128,301,0.4,0.3,0.5,42.5
"Virgin Islands, U.S.",2016,95-99,111,26,85,0.1,0.1,0.2,30.6
"Virgin Islands, U.S.",2016,100+,16,4,12,0.0,0.0,0.0,33.3
