" Five Year Age Groups and Sex for Custom Region - Wallis and Futuna"
Country,Year,Age,"Both Sexes Population","Male Population","Female Population","Percent Both Sexes","Percent Male","Percent Female","Sex Ratio"
"Wallis and Futuna",2016,Total,15664,7947,7717,100.0,100.0,100.0,103.0
"Wallis and Futuna",2016,0-4,1076,554,522,6.9,7.0,6.8,106.1
"Wallis and Futuna",2016,5-9,1133,593,540,7.2,7.5,7.0,109.8
"Wallis and Futuna",2016,10-14,1277,672,605,8.2,8.5,7.8,111.1
"Wallis and Futuna",2016,15-19,1298,685,613,8.3,8.6,7.9,111.7
"Wallis and Futuna",2016,20-24,1349,710,639,8.6,8.9,8.3,111.1
"Wallis and Futuna",2016,25-29,1290,666,624,8.2,8.4,8.1,106.7
"Wallis and Futuna",2016,30-34,1266,700,566,8.1,8.8,7.3,123.7
"Wallis and Futuna",2016,35-39,1162,571,591,7.4,7.2,7.7,96.6
"Wallis and Futuna",2016,40-44,1017,503,514,6.5,6.3,6.7,97.9
"Wallis and Futuna",2016,45-49,977,454,523,6.2,5.7,6.8,86.8
"Wallis and Futuna",2016,50-54,791,372,419,5.0,4.7,5.4,88.8
"Wallis and Futuna",2016,55-59,845,405,440,5.4,5.1,5.7,92.0
"Wallis and Futuna",2016,60-64,674,341,333,4.3,4.3,4.3,102.4
"Wallis and Futuna",2016,65-69,562,285,277,3.6,3.6,3.6,102.9
"Wallis and Futuna",2016,70-74,388,209,179,2.5,2.6,2.3,116.8
"Wallis and Futuna",2016,75-79,285,135,150,1.8,1.7,1.9,90.0
"Wallis and Futuna",2016,80-84,144,57,87,0.9,0.7,1.1,65.5
"Wallis and Futuna",2016,85-89,85,24,61,0.5,0.3,0.8,39.3
"Wallis and Futuna",2016,90-94,31,8,23,0.2,0.1,0.3,34.8
"Wallis and Futuna",2016,95-99,13,3,10,0.1,0.0,0.1,30.0
"Wallis and Futuna",2016,100+,1,0,1,0.0,0.0,0.0,0.0
